{"cameraMode":{"drawMode":0,"name":"Shaded","section":"Shading Mode"},"sceneLighting":false,"audioPlay":false,"sceneViewState":{"showFog":true,"showMaterialUpdate":false,"showSkybox":false,"showFlares":true,"showImageEffects":true,"showParticleSystems":true},"in2DMode":false,"pivot":{"x":10.866386413574219,"y":3.3299124240875246,"z":3.336214303970337},"rotation":{"x":0.013588028959929943,"y":0.7059227228164673,"z":0.013549529016017914,"w":-0.7080453634262085},"size":2.366084337234497,"orthographic":false}