{"cameraMode":{"drawMode":0,"name":"Shaded","section":"Shading Mode"},"sceneLighting":false,"audioPlay":false,"sceneViewState":{"showFog":true,"showMaterialUpdate":false,"showSkybox":false,"showFlares":true,"showImageEffects":true,"showParticleSystems":true},"in2DMode":false,"pivot":{"x":0.5960526466369629,"y":0.8059561252593994,"z":0.9589475393295288},"rotation":{"x":-0.0587083138525486,"y":0.9135438203811646,"z":-0.37649646401405337,"w":-0.1425541639328003},"size":3.687252998352051,"orthographic":false}