{"cameraMode":{"drawMode":0,"name":"Shaded","section":"Shading Mode"},"sceneLighting":false,"audioPlay":false,"sceneViewState":{"showFog":true,"showMaterialUpdate":false,"showSkybox":false,"showFlares":true,"showImageEffects":true,"showParticleSystems":true},"in2DMode":false,"pivot":{"x":0.5960524082183838,"y":4.325956344604492,"z":10.924838066101075},"rotation":{"x":-0.2805085778236389,"y":-0.04950466752052307,"z":0.014486176893115044,"w":-0.9584767818450928},"size":3.68725323677063,"orthographic":false}